{
	"name": "pipeline_payroll_fromsqldb_synapse",
	"properties": {
		"activities": [
			{
				"name": "df_payroll_fromsqldb_synapse",
				"type": "ExecuteDataFlow",
				"dependsOn": [],
				"policy": {
					"timeout": "0.12:00:00",
					"retry": 0,
					"retryIntervalInSeconds": 30,
					"secureOutput": false,
					"secureInput": false
				},
				"userProperties": [],
				"typeProperties": {
					"dataflow": {
						"referenceName": "df_payroll_fromsqldb_synapse",
						"type": "DataFlowReference"
					},
					"staging": {
						"linkedService": {
							"referenceName": "linked_datalakegen",
							"type": "LinkedServiceReference"
						},
						"folderPath": "dirstaging"
					},
					"compute": {
						"coreCount": 8,
						"computeType": "General"
					},
					"traceLevel": "Fine"
				}
			}
		],
		"annotations": [],
		"lastPublishTime": "2023-12-01T21:19:06Z"
	},
	"type": "Microsoft.DataFactory/factories/pipelines"
}