{
	"name": "pipeline_aggregate_data",
	"properties": {
		"activities": [
			{
				"name": "df_aggregate_data",
				"type": "ExecuteDataFlow",
				"dependsOn": [],
				"policy": {
					"timeout": "0.12:00:00",
					"retry": 0,
					"retryIntervalInSeconds": 30,
					"secureOutput": false,
					"secureInput": false
				},
				"userProperties": [],
				"typeProperties": {
					"dataflow": {
						"referenceName": "df_aggregate_data",
						"type": "DataFlowReference",
						"parameters": {
							"fiscalyear": "2021"
						}
					},
					"staging": {
						"linkedService": {
							"referenceName": "linked_datalakegen",
							"type": "LinkedServiceReference"
						},
						"folderPath": "dirstaging"
					},
					"compute": {
						"coreCount": 8,
						"computeType": "General"
					},
					"traceLevel": "Fine"
				}
			}
		],
		"parameters": {
			"fiscal_year": {
				"type": "int",
				"defaultValue": 2021
			}
		},
		"annotations": []
	}
}