{
	"name": "ds_agency",
	"properties": {
		"linkedServiceName": {
			"referenceName": "linked_datalakegen",
			"type": "LinkedServiceReference"
		},
		"annotations": [],
		"type": "DelimitedText",
		"typeProperties": {
			"location": {
				"type": "AzureBlobFSLocation",
				"fileName": "AgencyMaster.csv",
				"fileSystem": "dirpayrollfiles"
			},
			"columnDelimiter": ",",
			"escapeChar": "\\",
			"firstRowAsHeader": true,
			"quoteChar": "\""
		},
		"schema": [
			{
				"name": "AgencyID",
				"type": "String"
			},
			{
				"name": "AgencyName",
				"type": "String"
			}
		]
	},
	"type": "Microsoft.DataFactory/factories/datasets"
}