{
	"name": "df_agency",
	"properties": {
		"type": "MappingDataFlow",
		"typeProperties": {
			"sources": [
				{
					"dataset": {
						"referenceName": "ds_agency",
						"type": "DatasetReference"
					},
					"name": "datalakeagency"
				}
			],
			"sinks": [
				{
					"dataset": {
						"referenceName": "ds_synapseagency",
						"type": "DatasetReference"
					},
					"name": "synapseagency"
				}
			],
			"transformations": [],
			"scriptLines": [
				"source(output(",
				"          AgencyID as string,",
				"          AgencyName as string",
				"     ),",
				"     allowSchemaDrift: true,",
				"     validateSchema: false,",
				"     ignoreNoFilesFound: false) ~> datalakeagency",
				"datalakeagency sink(allowSchemaDrift: true,",
				"     validateSchema: false,",
				"     input(",
				"          AgencyID as string,",
				"          AgencyName as string",
				"     ),",
				"     deletable:false,",
				"     insertable:true,",
				"     updateable:false,",
				"     upsertable:false,",
				"     format: 'table',",
				"     staged: true,",
				"     allowCopyCommand: true,",
				"     skipDuplicateMapInputs: true,",
				"     skipDuplicateMapOutputs: true,",
				"     errorHandlingOption: 'stopOnFirstError',",
				"     mapColumn(",
				"          AgencyID,",
				"          AgencyName",
				"     )) ~> synapseagency"
			]
		}
	}
}