{
	"name": "df_title",
	"properties": {
		"type": "MappingDataFlow",
		"typeProperties": {
			"sources": [
				{
					"dataset": {
						"referenceName": "ds_titlemaster",
						"type": "DatasetReference"
					},
					"name": "datalaketitle"
				}
			],
			"sinks": [
				{
					"dataset": {
						"referenceName": "ds_synapsetitle",
						"type": "DatasetReference"
					},
					"name": "synapsetitle"
				}
			],
			"transformations": [],
			"scriptLines": [
				"source(output(",
				"          TitleCode as string,",
				"          TitleDescription as string",
				"     ),",
				"     allowSchemaDrift: true,",
				"     validateSchema: false,",
				"     ignoreNoFilesFound: false) ~> datalaketitle",
				"datalaketitle sink(allowSchemaDrift: true,",
				"     validateSchema: false,",
				"     input(",
				"          TitleCode as string,",
				"          TitleDescription as string",
				"     ),",
				"     deletable:false,",
				"     insertable:true,",
				"     updateable:false,",
				"     upsertable:false,",
				"     format: 'table',",
				"     staged: true,",
				"     allowCopyCommand: true,",
				"     skipDuplicateMapInputs: true,",
				"     skipDuplicateMapOutputs: true,",
				"     errorHandlingOption: 'stopOnFirstError',",
				"     mapColumn(",
				"          TitleCode,",
				"          TitleDescription",
				"     )) ~> synapsetitle"
			]
		}
	}
}